test_year,model,n_test,n_fraud,recoded_train_obs,auc,pr_auc,k,frauds_in_topk,precision_at_k,recall_at_k,ndcg_at_k
2003,Logit on ratios,5981,69,97,0.6707654291933872,0.0193382962620032,60,0,0.0,0.0,0.0
2003,RUSBoost (raw items),5981,69,97,0.7257702339628561,0.030519813988539413,60,5,0.08333333333333333,0.07246376811594203,0.06478399797476157
2003,GBDT cross-sectional,5981,69,97,0.6903938930399482,0.02595770824187133,60,3,0.05,0.043478260869565216,0.04490584181171885
2003,GBDT temporal,5981,69,97,0.6514666803945794,0.025203814418326264,60,3,0.05,0.043478260869565216,0.041918192362034985
2003,Isolation forest,5981,69,97,0.7128218705261713,0.02267676229731425,60,1,0.016666666666666666,0.014492753623188406,0.012316808296780965
2003,TrustLedger-XAI (fused),5981,69,97,0.7039305955953011,0.035458528848398944,60,4,0.06666666666666667,0.057971014492753624,0.07193629559207888
2004,Logit on ratios,5934,58,109,0.6721966620501867,0.01580253447923737,59,0,0.0,0.0,0.0
2004,RUSBoost (raw items),5934,58,109,0.7610531442923876,0.024061615491758254,59,1,0.01694915254237288,0.017241379310344827,0.01953544472344082
2004,GBDT cross-sectional,5934,58,109,0.7452363207436445,0.0267516962125543,59,2,0.03389830508474576,0.034482758620689655,0.04749019638305847
2004,GBDT temporal,5934,58,109,0.6685318419755406,0.020757426031224865,59,3,0.05084745762711865,0.05172413793103448,0.04190781357913143
2004,Isolation forest,5934,58,109,0.6954443557662966,0.01833319925745421,59,0,0.0,0.0,0.0
2004,TrustLedger-XAI (fused),5934,58,109,0.7337093025985304,0.029520809440411556,59,2,0.03389830508474576,0.034482758620689655,0.05773282455161907
2005,Logit on ratios,5863,45,107,0.6414269890378519,0.011404454201186432,59,0,0.0,0.0,0.0
2005,RUSBoost (raw items),5863,45,107,0.7208586379435469,0.018169193028929633,59,0,0.0,0.0,0.0
2005,GBDT cross-sectional,5863,45,107,0.6973339444635422,0.014881662018380615,59,1,0.01694915254237288,0.022222222222222223,0.0149937763524167
2005,GBDT temporal,5863,45,107,0.6302585844696535,0.01738593765598852,59,2,0.03389830508474576,0.044444444444444446,0.049635993935988054
2005,Isolation forest,5863,45,107,0.6598678430923188,0.01255709338767423,59,0,0.0,0.0,0.0
2005,TrustLedger-XAI (fused),5863,45,107,0.681845613230969,0.019763941351402022,59,1,0.01694915254237288,0.022222222222222223,0.03586857971832317
2006,Logit on ratios,5908,33,43,0.6969232753062541,0.015692884756919837,59,3,0.05084745762711865,0.09090909090909091,0.058873391762003735
2006,RUSBoost (raw items),5908,33,43,0.7475486782720826,0.014510174634678184,59,0,0.0,0.0,0.0
2006,GBDT cross-sectional,5908,33,43,0.7189993552546745,0.011738982952076121,59,1,0.01694915254237288,0.030303030303030304,0.019675194086924322
2006,GBDT temporal,5908,33,43,0.6116054158607349,0.007522461912609302,59,0,0.0,0.0,0.0
2006,Isolation forest,5908,33,43,0.5814003868471953,0.007489116638871205,59,0,0.0,0.0,0.0
2006,TrustLedger-XAI (fused),5908,33,43,0.6699316569954867,0.008583187075976748,59,0,0.0,0.0,0.0
2007,Logit on ratios,5868,30,28,0.7060237524266302,0.034217987127115324,59,4,0.06779661016949153,0.13333333333333333,0.13162844535662793
2007,RUSBoost (raw items),5868,30,28,0.6870332305584105,0.008999962931578918,59,0,0.0,0.0,0.0
2007,GBDT cross-sectional,5868,30,28,0.6987838300787941,0.010310124691738629,59,0,0.0,0.0,0.0
2007,GBDT temporal,5868,30,28,0.692925659472422,0.010819421555764316,59,1,0.01694915254237288,0.03333333333333333,0.020651496576059646
2007,Isolation forest,5868,30,28,0.5204122416352632,0.005486798276720591,59,0,0.0,0.0,0.0
2007,TrustLedger-XAI (fused),5868,30,28,0.693616535343154,0.009167195351430126,59,0,0.0,0.0,0.0
2008,Logit on ratios,5612,26,23,0.708894488969677,0.01114412651766437,56,0,0.0,0.0,0.0
2008,RUSBoost (raw items),5612,26,23,0.6569858712715855,0.008501386585052862,56,1,0.017857142857142856,0.038461538461538464,0.021239776672144415
2008,GBDT cross-sectional,5612,26,23,0.6405230108237627,0.008012990449168757,56,0,0.0,0.0,0.0
2008,GBDT temporal,5612,26,23,0.6850849651601532,0.010044007546650899,56,0,0.0,0.0,0.0
2008,Isolation forest,5612,26,23,0.5562876972651408,0.007385752025796461,56,0,0.0,0.0,0.0
2008,TrustLedger-XAI (fused),5612,26,23,0.6836183866259055,0.009549283325692243,56,1,0.017857142857142856,0.038461538461538464,0.02467573363517597
2009,Logit on ratios,5367,31,21,0.6326171591623543,0.00943505453772273,54,1,0.018518518518518517,0.03225806451612903,0.023614037892688372
2009,RUSBoost (raw items),5367,31,21,0.6854596895100836,0.011851342637577297,54,1,0.018518518518518517,0.03225806451612903,0.019126281228649396
2009,GBDT cross-sectional,5367,31,21,0.6200972094597863,0.0117975494816039,54,0,0.0,0.0,0.0
2009,GBDT temporal,5367,31,21,0.6331431058664216,0.008499199883165718,54,1,0.018518518518518517,0.03225806451612903,0.018561538066573246
2009,Isolation forest,5367,31,21,0.6195863761667553,0.01687246029509944,54,1,0.018518518518518517,0.03225806451612903,0.041323447984430405
2009,TrustLedger-XAI (fused),5367,31,21,0.6589628572810369,0.01203088527370964,54,2,0.037037037037037035,0.06451612903225806,0.038151229339229265
2010,Logit on ratios,5389,26,30,0.6661813852751761,0.00930467468935544,54,1,0.018518518518518517,0.038461538461538464,0.02102894705807115
2010,RUSBoost (raw items),5389,26,30,0.6968401726932401,0.012109459347651947,54,0,0.0,0.0,0.0
2010,GBDT cross-sectional,5389,26,30,0.6579268205223827,0.018609614187671417,54,1,0.018518518518518517,0.038461538461538464,0.046373688209044577
2010,GBDT temporal,5389,26,30,0.6766627461667551,0.010790947918784074,54,1,0.018518518518518517,0.038461538461538464,0.026145087341861654
2010,Isolation forest,5389,26,30,0.6616202183049098,0.04900120155296123,54,1,0.018518518518518517,0.038461538461538464,0.11987424504051505
2010,TrustLedger-XAI (fused),5389,26,30,0.701430026248225,0.016553388463093135,54,2,0.037037037037037035,0.07692307692307693,0.054617347754429314
2011,Logit on ratios,5404,21,34,0.7377015825836187,0.008940839755800466,54,0,0.0,0.0,0.0
2011,RUSBoost (raw items),5404,21,34,0.7665932432791062,0.01665974542474685,54,1,0.018518518518518517,0.047619047619047616,0.04588516391390306
2011,GBDT cross-sectional,5404,21,34,0.749139707898764,0.011409698074118105,54,0,0.0,0.0,0.0
2011,GBDT temporal,5404,21,34,0.7048999053457534,0.011959351399446854,54,1,0.018518518518518517,0.047619047619047616,0.02506539947940475
2011,Isolation forest,5404,21,34,0.6894809939580513,0.019767883477998578,54,1,0.018518518518518517,0.047619047619047616,0.05928499338321969
2011,TrustLedger-XAI (fused),5404,21,34,0.7736171191493502,0.05819129379657376,54,1,0.018518518518518517,0.047619047619047616,0.13765549174170919
2012,Logit on ratios,5630,19,18,0.8001575851944958,0.01669326292650942,56,1,0.017857142857142856,0.05263157894736842,0.027581521914916498
2012,RUSBoost (raw items),5630,19,18,0.7544297385774185,0.011841095486989408,56,1,0.017857142857142856,0.05263157894736842,0.039667414566743345
2012,GBDT cross-sectional,5630,19,18,0.7321802099259912,0.006734307456143946,56,0,0.0,0.0,0.0
2012,GBDT temporal,5630,19,18,0.6525715464923223,0.007627772023074157,56,0,0.0,0.0,0.0
2012,Isolation forest,5630,19,18,0.6019097824761512,0.014923966306556933,56,1,0.017857142857142856,0.05263157894736842,0.05678491519230736
2012,TrustLedger-XAI (fused),5630,19,18,0.7126227616805335,0.0066119058549264816,56,0,0.0,0.0,0.0
2013,Logit on ratios,5647,11,8,0.7932447254661592,0.00631349265432447,56,0,0.0,0.0,0.0
2013,RUSBoost (raw items),5647,11,8,0.781131040712304,0.006390457574593293,56,0,0.0,0.0,0.0
2013,GBDT cross-sectional,5647,11,8,0.6934802245306149,0.004043584607511648,56,0,0.0,0.0,0.0
2013,GBDT temporal,5647,11,8,0.6958997354668043,0.004388344048568809,56,0,0.0,0.0,0.0
2013,Isolation forest,5647,11,8,0.7004161558810246,0.004370307353608706,56,0,0.0,0.0,0.0
2013,TrustLedger-XAI (fused),5647,11,8,0.7124653203432478,0.00596959915918662,56,0,0.0,0.0,0.0
2014,Logit on ratios,5627,4,7,0.8571492086075049,0.004063965023769955,56,0,0.0,0.0,0.0
2014,RUSBoost (raw items),5627,4,7,0.7152320825182287,0.0016492386582031625,56,0,0.0,0.0,0.0
2014,GBDT cross-sectional,5627,4,7,0.6987373288280276,0.001892060094451842,56,0,0.0,0.0,0.0
2014,GBDT temporal,5627,4,7,0.7670282767206117,0.002733997373901285,56,0,0.0,0.0,0.0
2014,Isolation forest,5627,4,7,0.5970122710296994,0.0010799051688074551,56,0,0.0,0.0,0.0
2014,TrustLedger-XAI (fused),5627,4,7,0.7273252712075404,0.0015995683794531182,56,0,0.0,0.0,0.0
