scenario,expected,trials,accepted,rejected,reasons
Honest artifact,accept,56,46,10,ok; recomputed decision differs
Fabricated rationale (all attributions negated) - bound,reject,56,0,56,recomputed decision differs
Fabricated rationale (all attributions negated) - unbound,accept (non-guarantee),56,56,0,digest matches anchored value
Fabricated rationale (two largest attributions swapped) - bound,reject,56,0,56,recomputed decision differs
Fabricated rationale (two largest attributions swapped) - unbound,accept (non-guarantee),56,56,0,digest matches anchored value
Fabricated rationale (one attribution +1 ULP) - bound,reject,56,0,56,recomputed decision differs
Fabricated rationale (one attribution +1 ULP) - unbound,accept (non-guarantee),56,56,0,digest matches anchored value
Genuine rationale presented against a different record,reject,56,0,56,input commitment mismatch
Decision made with an unregistered model,reject,56,0,56,model not registered
"Decision made with an unregistered model, registered commitment claimed",reject,56,0,56,recomputed decision differs
Model registered after the assessments,reject,56,0,56,model registered after assessment
