variant,item,times_changed
all 28 items,prcc_f,27
all 28 items,pstk,10
all 28 items,csho,9
all 28 items,ivao,9
all 28 items,txp,5
all 28 items,sstk,2
all 28 items,ivst,2
all 28 items,ceq,1
all 28 items,invt,1
all 28 items,txt,1
all 28 items,che,1
"financial-statement items only (excl. prcc_f, csho)",ivao,15
"financial-statement items only (excl. prcc_f, csho)",txp,10
"financial-statement items only (excl. prcc_f, csho)",pstk,9
"financial-statement items only (excl. prcc_f, csho)",ivst,4
"financial-statement items only (excl. prcc_f, csho)",sstk,3
"financial-statement items only (excl. prcc_f, csho)",che,3
"financial-statement items only (excl. prcc_f, csho)",ceq,3
"financial-statement items only (excl. prcc_f, csho)",cogs,2
"financial-statement items only (excl. prcc_f, csho)",sale,1
"financial-statement items only (excl. prcc_f, csho)",re,1
"financial-statement items only (excl. prcc_f, csho)",rect,1
"financial-statement items only (excl. prcc_f, csho)",ap,1
"financial-statement items only (excl. prcc_f, csho)",invt,1
"financial-statement items only (excl. prcc_f, csho)",txt,1
