test_year,w_cross_sectional,w_temporal,w_anomaly,intercept
2003,0.3841524720741723,0.5372248262952983,0.22704416502470431,-0.41681561324784644
2004,0.3818419082756944,0.5832302598474641,0.22616536597352033,-0.4764028320698531
2005,0.4571609431422774,0.49124457332960825,0.24613705336135364,-0.44144990180115706
2006,0.45982359182165633,0.586849466159007,0.26374166205275823,-0.5460452486045105
2007,0.5876669104701407,0.4805289040976547,0.22826677883193974,-0.5343921677550681
2008,0.610521029646076,0.4886976907489071,0.18861602575908867,-0.5475908093892415
2009,0.5571907463638602,0.5645984769671106,0.17964681161300253,-0.559168307778191
2010,0.6798447392762282,0.4112774788853732,0.16167205652778505,-0.5206340908864442
2011,0.4995086569778156,0.5705631166484277,0.20320723175398342,-0.5052255085665358
2012,0.5988035850075932,0.45572154565211886,0.18743034240822318,-0.49059148863413776
2013,0.5317748652745633,0.5313962382645225,0.195397681389397,-0.49834852129495877
2014,0.5908480925238191,0.5184370310716402,0.1902509093110883,-0.5190355699115689
